X,Y,Name,description,gx_media_links
106.6327751,10.7304042,Bến Phú Định,"<img src=""https://doc-04-8o-mymaps.googleusercontent.com/untrusted/hostedimage/6rjk2b29e109njn18ustq7m1so/hhenedrrr7v6i3q503k5u3aj78/1567857600000/KiOb-nV_MFqrZN6H-TMx_I2AJHOOJMr6/06909400017064092312/1AF2TALpZ905sLCO0i7-AT0-qHxq_zYL3EQ89VX8grhkRYnwiBJynBvMGaCycusjfe6Vz68XZtaHSzNZVJ1vZJIlxtnmfq4fc_2ra7zaN9z-eSuAVo7IcSnLd4Z3Hj3VhxyR1pVOTT7_YVtVMglhtqfHAZvKmDUyYiRs4tD9Fuj0RjQEGWAQ4SJumqwEb_YAc1c9PZtfG28Z5XlTPWn_VS0c-9_bix3jYNHTcIfSCcfqtTHrNXslJG01tePx3wZO1SzboT9en-9Fh4MgxZiTe25no1XrBhdb8cw?fife"" height=""200"" width=""auto"" /><br><br>Bến-Phú-Định-(Từ-Hồ-Ngọc-Lãm---Cầu-Phú-Định)",https://doc-04-8o-mymaps.googleusercontent.com/untrusted/hostedimage/6rjk2b29e109njn18ustq7m1so/hhenedrrr7v6i3q503k5u3aj78/1567857600000/KiOb-nV_MFqrZN6H-TMx_I2AJHOOJMr6/06909400017064092312/1AF2TALpZ905sLCO0i7-AT0-qHxq_zYL3EQ89VX8grhkRYnwiBJynBvMGaCycusjfe6Vz68XZtaHSzNZVJ1vZJIlxtnmfq4fc_2ra7zaN9z-eSuAVo7IcSnLd4Z3Hj3VhxyR1pVOTT7_YVtVMglhtqfHAZvKmDUyYiRs4tD9Fuj0RjQEGWAQ4SJumqwEb_YAc1c9PZtfG28Z5XlTPWn_VS0c-9_bix3jYNHTcIfSCcfqtTHrNXslJG01tePx3wZO1SzboT9en-9Fh4MgxZiTe25no1XrBhdb8cw?fife
106.6186908,10.7117562,Đường An Dương Vương,"<img src=""https://doc-14-8o-mymaps.googleusercontent.com/untrusted/hostedimage/6rjk2b29e109njn18ustq7m1so/bn0isq0vp5sn8pan99sjtlgt30/1567857600000/KiOb-nV_MFqrZN6H-TMx_I2AJHOOJMr6/06909400017064092312/1AF2TALrE1U6tjj5kXFLPSznWhsyZU41vyo3haSq5ANjHC0WZryWAyGSlv2FKH85ijrNE_IFWllF3wAHcrw0r5eoeuXZtMQyH6HDrRqXcGIPU3mZk7neRRUHC09W2YPn7WTmFP5YxbJ-fWvg_h8j-ePF1Fw5YmIfp5QnPA60sLfmfVbvDUWKffAt30iFXwyD3LKtUzW-R7DGR0EN7lp-m9WQvReiAez7GPiWONqNdQzEvxV485ggNw7A5x9uBpTbcBdTD7Ql7COL0JahJFs7W_OwVKarhG-HeNA?fife"" height=""200"" width=""auto"" /><br><br>Đường-An-Dương-Vương-(Từ-Bến-Phú-Định---Cầu-Mỹ-Thuận)",https://doc-14-8o-mymaps.googleusercontent.com/untrusted/hostedimage/6rjk2b29e109njn18ustq7m1so/bn0isq0vp5sn8pan99sjtlgt30/1567857600000/KiOb-nV_MFqrZN6H-TMx_I2AJHOOJMr6/06909400017064092312/1AF2TALrE1U6tjj5kXFLPSznWhsyZU41vyo3haSq5ANjHC0WZryWAyGSlv2FKH85ijrNE_IFWllF3wAHcrw0r5eoeuXZtMQyH6HDrRqXcGIPU3mZk7neRRUHC09W2YPn7WTmFP5YxbJ-fWvg_h8j-ePF1Fw5YmIfp5QnPA60sLfmfVbvDUWKffAt30iFXwyD3LKtUzW-R7DGR0EN7lp-m9WQvReiAez7GPiWONqNdQzEvxV485ggNw7A5x9uBpTbcBdTD7Ql7COL0JahJFs7W_OwVKarhG-HeNA?fife
106.6133344,10.7186136,Hồ Ngọc Lãm,"<img src=""https://doc-10-8o-mymaps.googleusercontent.com/untrusted/hostedimage/6rjk2b29e109njn18ustq7m1so/0pfslm5j4q3rk7tdk5744a387g/1567857600000/KiOb-nV_MFqrZN6H-TMx_I2AJHOOJMr6/06909400017064092312/1AF2TALr8BaOgfnf7eI2mNsegXCg2qOIW3HpZAOv9Z4cm2MLwdyy4K6jTB0tcV3NfUaq_mpkGaPfeF88XyrBm_0HeQ9q5JTpsl0d1VxuFRi-WdAi5YBJfHtBYMf_ZXBWpBEkF8zjHpvFczw8LZO-aaac5M7tLJwpRLKjseJ_r4SVNoDTVGIF6EAf3TwN-hKY-oZlVJHBLHTINxBSmrQz0R7bC023X05xj55CiS_P9m-v4i59qctBg85kCxfeSBFmSMrrZ7UMEfHJN3YY68bi78g9068_nlP19Hg?fife"" height=""200"" width=""auto"" /><br><br>Đường-Hồ-Ngọc-Lãm-(Từ-Bến-Phú-Định---Rạch-Bà-Lựu)",https://doc-10-8o-mymaps.googleusercontent.com/untrusted/hostedimage/6rjk2b29e109njn18ustq7m1so/0pfslm5j4q3rk7tdk5744a387g/1567857600000/KiOb-nV_MFqrZN6H-TMx_I2AJHOOJMr6/06909400017064092312/1AF2TALr8BaOgfnf7eI2mNsegXCg2qOIW3HpZAOv9Z4cm2MLwdyy4K6jTB0tcV3NfUaq_mpkGaPfeF88XyrBm_0HeQ9q5JTpsl0d1VxuFRi-WdAi5YBJfHtBYMf_ZXBWpBEkF8zjHpvFczw8LZO-aaac5M7tLJwpRLKjseJ_r4SVNoDTVGIF6EAf3TwN-hKY-oZlVJHBLHTINxBSmrQz0R7bC023X05xj55CiS_P9m-v4i59qctBg85kCxfeSBFmSMrrZ7UMEfHJN3YY68bi78g9068_nlP19Hg?fife
106.6201164,10.7255368,Đường số 41,"<img src=""https://doc-0g-8o-mymaps.googleusercontent.com/untrusted/hostedimage/6rjk2b29e109njn18ustq7m1so/6obkvb5cpqh9k9bljg4glu20hs/1567857600000/KiOb-nV_MFqrZN6H-TMx_I2AJHOOJMr6/06909400017064092312/1AF2TALokhC8jqc0ywgU4yqyaU6LUt-FE3E7ORuabz5Dt9KpTmIBwXPTV7d3G2CDdZoAv4t_B4-gi1DlO4WXL5rxmM6SsmA8hcosobPUVJAAtoAZtpgpznGAVdZJZ8982mAvW3AiENPtdJJ5rPRRvPS3Wkc1ac2ARujupB5S-aqLhlOB3p5hBPYPn4m5-KynjPqUKD3axaN4BdjHVRlti6KZQgORWuNqjZUT6962iYmkTz9Ox9-G-S88Ly_yIJlqHa0hCcsPWvuhh_n7w4MCqpPhVjwfrnUf7ZA?fife"" height=""200"" width=""auto"" /><br><br>Từ An Dương Vương - Cầu số 41",https://doc-0g-8o-mymaps.googleusercontent.com/untrusted/hostedimage/6rjk2b29e109njn18ustq7m1so/6obkvb5cpqh9k9bljg4glu20hs/1567857600000/KiOb-nV_MFqrZN6H-TMx_I2AJHOOJMr6/06909400017064092312/1AF2TALokhC8jqc0ywgU4yqyaU6LUt-FE3E7ORuabz5Dt9KpTmIBwXPTV7d3G2CDdZoAv4t_B4-gi1DlO4WXL5rxmM6SsmA8hcosobPUVJAAtoAZtpgpznGAVdZJZ8982mAvW3AiENPtdJJ5rPRRvPS3Wkc1ac2ARujupB5S-aqLhlOB3p5hBPYPn4m5-KynjPqUKD3axaN4BdjHVRlti6KZQgORWuNqjZUT6962iYmkTz9Ox9-G-S88Ly_yIJlqHa0hCcsPWvuhh_n7w4MCqpPhVjwfrnUf7ZA?fife
106.7723063,10.8209504,Đường Đỗ Xuân Hợp,"<img src=""https://doc-0c-8o-mymaps.googleusercontent.com/untrusted/hostedimage/6rjk2b29e109njn18ustq7m1so/480u9kljo8kuuc9mcbctdb4lu4/1567857600000/KiOb-nV_MFqrZN6H-TMx_I2AJHOOJMr6/06909400017064092312/1AF2TALrgFj579bioEATj73Icn1q0WeG7dxYgepmHS8OOitmS2rXC6zw2g_1nZG3zIzGNqOQNYPCMhE82o0Bl4b29JMfmjpLL3xCx2lIYZeKwN4bS1Nm4GLSHPJj6JUhwnNypZrAQej1D4Sx0sKyv3ib5pMF6b55ygPLbZVFQrywz0T5Nyrk2d-29mcgoNlYoDNfOR6WIhyrWeX1cMSqI53MgQIm48gUoYPLqIaEO1gs48H5BLR94FiZLvBGYWS317MFHpWvZcNaPnjBwk9ffU8OyJ8J_isv5Ww?fife"" height=""200"" width=""auto"" /><br><br>Trước trường TH Kỹ Nghệ",https://doc-0c-8o-mymaps.googleusercontent.com/untrusted/hostedimage/6rjk2b29e109njn18ustq7m1so/480u9kljo8kuuc9mcbctdb4lu4/1567857600000/KiOb-nV_MFqrZN6H-TMx_I2AJHOOJMr6/06909400017064092312/1AF2TALrgFj579bioEATj73Icn1q0WeG7dxYgepmHS8OOitmS2rXC6zw2g_1nZG3zIzGNqOQNYPCMhE82o0Bl4b29JMfmjpLL3xCx2lIYZeKwN4bS1Nm4GLSHPJj6JUhwnNypZrAQej1D4Sx0sKyv3ib5pMF6b55ygPLbZVFQrywz0T5Nyrk2d-29mcgoNlYoDNfOR6WIhyrWeX1cMSqI53MgQIm48gUoYPLqIaEO1gs48H5BLR94FiZLvBGYWS317MFHpWvZcNaPnjBwk9ffU8OyJ8J_isv5Ww?fife
106.768975,10.8257056,Đỗ Xuân Hợp,"<img src=""https://doc-00-8o-mymaps.googleusercontent.com/untrusted/hostedimage/6rjk2b29e109njn18ustq7m1so/0uvtnjdfta3j0a3aus5b0286a4/1567857600000/KiOb-nV_MFqrZN6H-TMx_I2AJHOOJMr6/06909400017064092312/1AF2TALo6WRnyX9sHACXeQ8YRcg2O-osEpRWxhBoLbtGfMd73NCAluiePJzo3Q1uWWTV1l2eIqZA8MAdD3Zj61g8hWjE80CrOLyR6rRh310vhDiWjyCvqlkryvzHE_qRMfEz1j7PWUBbwJ0fvyCCVEZLTVh9m7fUdi3cW5pSPpSljkKzfHgRs6q7lnPTXEd8vFRmbzcQ4A8inID_h8m33jI0EnPpI0_1kZjj6CJ4yJNTCxQYUD8K3FdWhUu02V3e6Kn0C688NMvUsqbZeGwO58NF2gq1jvOyFdg?fife"" height=""200"" width=""auto"" /><br><br>Trước UBND Phường Phước Bình",https://doc-00-8o-mymaps.googleusercontent.com/untrusted/hostedimage/6rjk2b29e109njn18ustq7m1so/0uvtnjdfta3j0a3aus5b0286a4/1567857600000/KiOb-nV_MFqrZN6H-TMx_I2AJHOOJMr6/06909400017064092312/1AF2TALo6WRnyX9sHACXeQ8YRcg2O-osEpRWxhBoLbtGfMd73NCAluiePJzo3Q1uWWTV1l2eIqZA8MAdD3Zj61g8hWjE80CrOLyR6rRh310vhDiWjyCvqlkryvzHE_qRMfEz1j7PWUBbwJ0fvyCCVEZLTVh9m7fUdi3cW5pSPpSljkKzfHgRs6q7lnPTXEd8vFRmbzcQ4A8inID_h8m33jI0EnPpI0_1kZjj6CJ4yJNTCxQYUD8K3FdWhUu02V3e6Kn0C688NMvUsqbZeGwO58NF2gq1jvOyFdg?fife
106.7818952,10.844257,Lê Văn Việt,"<img src=""https://doc-0k-8o-mymaps.googleusercontent.com/untrusted/hostedimage/6rjk2b29e109njn18ustq7m1so/o2hr1egj4ktmjjij7loj44vu4s/1567857600000/KiOb-nV_MFqrZN6H-TMx_I2AJHOOJMr6/06909400017064092312/1AF2TALo30AdTl-4DBGjxLkGWvTwSxT3xtQGH3dYzqbxY5yL11XCRV4PzliXoYf2JInHFab1HRV5jCZ4woL8n80V9xhI8IfeDbWxEFk9JoKPuR3Os2N_TpjnvWaDdqGhs4EMLn-2nU7mApoGatod37yeTn1JhX4vJfXw40IGYKJuB3VqYr9S3A0NSl7CDyio8mL2iYM_Il450As90tijJfDH_twsWnzfuuXu3laQV_lEOWRk278cPPiDB8RI1nLaCbbk9ZqhW19rRpuThGycBm_xNwG4BcldKew?fife"" height=""200"" width=""auto"" /><br><br>Từ Đình Phong Phú - Hẻm 201",https://doc-0k-8o-mymaps.googleusercontent.com/untrusted/hostedimage/6rjk2b29e109njn18ustq7m1so/o2hr1egj4ktmjjij7loj44vu4s/1567857600000/KiOb-nV_MFqrZN6H-TMx_I2AJHOOJMr6/06909400017064092312/1AF2TALo30AdTl-4DBGjxLkGWvTwSxT3xtQGH3dYzqbxY5yL11XCRV4PzliXoYf2JInHFab1HRV5jCZ4woL8n80V9xhI8IfeDbWxEFk9JoKPuR3Os2N_TpjnvWaDdqGhs4EMLn-2nU7mApoGatod37yeTn1JhX4vJfXw40IGYKJuB3VqYr9S3A0NSl7CDyio8mL2iYM_Il450As90tijJfDH_twsWnzfuuXu3laQV_lEOWRk278cPPiDB8RI1nLaCbbk9ZqhW19rRpuThGycBm_xNwG4BcldKew?fife
106.7568138,10.8133602,Xa Lộ Hà Nội,"<img src=""https://doc-0k-8o-mymaps.googleusercontent.com/untrusted/hostedimage/6rjk2b29e109njn18ustq7m1so/q3bbj96e8p5kmsd7m4m75ip76s/1567857600000/KiOb-nV_MFqrZN6H-TMx_I2AJHOOJMr6/06909400017064092312/1AF2TALqs3D8p04Y_0FiXgytWXOLEBJUjz0AFJmrz0pz3AlsjdC6yTgErK_sHTNK3NtsjDKS-j5t8a_4D559uthuOVUIZT92OmBkfZEoqVZFmqtvhCJ2gylR0AVUcekqsYn4COrdMgSGr0Y1ZdC6b15awnhXZdqlXgIIC0a-jCA1I2_zEdhx-a-k3DxnO2BcM_KNnvH-cIjd6GQgvDburz_eME-Ip0w5SXjPxiTMsUsvcLD0j6OIFfsaVXnlhDMsZrFhgNfNKiTnavzSZmCUkDLot0kvOpHspYQ?fife"" height=""200"" width=""auto"" /><br><br>Đoạn chân cầu Rạch Chiếc",https://doc-0k-8o-mymaps.googleusercontent.com/untrusted/hostedimage/6rjk2b29e109njn18ustq7m1so/q3bbj96e8p5kmsd7m4m75ip76s/1567857600000/KiOb-nV_MFqrZN6H-TMx_I2AJHOOJMr6/06909400017064092312/1AF2TALqs3D8p04Y_0FiXgytWXOLEBJUjz0AFJmrz0pz3AlsjdC6yTgErK_sHTNK3NtsjDKS-j5t8a_4D559uthuOVUIZT92OmBkfZEoqVZFmqtvhCJ2gylR0AVUcekqsYn4COrdMgSGr0Y1ZdC6b15awnhXZdqlXgIIC0a-jCA1I2_zEdhx-a-k3DxnO2BcM_KNnvH-cIjd6GQgvDburz_eME-Ip0w5SXjPxiTMsUsvcLD0j6OIFfsaVXnlhDMsZrFhgNfNKiTnavzSZmCUkDLot0kvOpHspYQ?fife
106.674749,10.7626429,Trần Nhân Tông,"<img src=""https://doc-04-8o-mymaps.googleusercontent.com/untrusted/hostedimage/6rjk2b29e109njn18ustq7m1so/vtedu2ejk2jj21v44ajhslljrc/1567857600000/KiOb-nV_MFqrZN6H-TMx_I2AJHOOJMr6/06909400017064092312/1AF2TALq2Vk0wTZZiuxSInl8nVDmdDuw6fMGEcJfdf7NzZAviPUyfRP0i9Ux0ztvCPl1hyKrO-7UOCPRURz-iuOI_1XvcLFz3rbA8AthHCszzf6wYeXGbgWCYMF3xPThFRjy2UiSeYA84vOlRY8KVPpnA0MmgnrSRGbiFp9JIWYJ5eQDnnrR1r8taBEq3FrxOXHEYlVTcck33g40AWyQJ-nB8GoJhDzQmsLqMT2dYZSsSA068JFESjeHbl35w8_tXQrLN61Ui3oDwU9YXwAFlqcV6AkWOLztuuQ?fife"" height=""200"" width=""auto"" /><br><br>Đường-Trần-Nhân-Tông-(Từ-Hòa-Hảo---Hùng-Vương)",https://doc-04-8o-mymaps.googleusercontent.com/untrusted/hostedimage/6rjk2b29e109njn18ustq7m1so/vtedu2ejk2jj21v44ajhslljrc/1567857600000/KiOb-nV_MFqrZN6H-TMx_I2AJHOOJMr6/06909400017064092312/1AF2TALq2Vk0wTZZiuxSInl8nVDmdDuw6fMGEcJfdf7NzZAviPUyfRP0i9Ux0ztvCPl1hyKrO-7UOCPRURz-iuOI_1XvcLFz3rbA8AthHCszzf6wYeXGbgWCYMF3xPThFRjy2UiSeYA84vOlRY8KVPpnA0MmgnrSRGbiFp9JIWYJ5eQDnnrR1r8taBEq3FrxOXHEYlVTcck33g40AWyQJ-nB8GoJhDzQmsLqMT2dYZSsSA068JFESjeHbl35w8_tXQrLN61Ui3oDwU9YXwAFlqcV6AkWOLztuuQ?fife
106.6356987,10.7573306,Đường Tân Hóa,"<img src=""https://doc-10-8o-mymaps.googleusercontent.com/untrusted/hostedimage/6rjk2b29e109njn18ustq7m1so/k1moid19949jbhaiu52ejgvv74/1567857600000/KiOb-nV_MFqrZN6H-TMx_I2AJHOOJMr6/06909400017064092312/1AF2TALrfXr-wo_aY86Z6oHx7VP__TeW-SHI7e15K6GIb6Ornja9z4rpNdzg0Y2OwcqHylhEB9WjU2xWl5wMi0Gq0QHQCp4reU1UtjJFPRm99p9aqMga3zSfwpEmBNk69HE_94oCHBiF7otbo730c2lmO8LkTT911wjl1Wn7fxVJRi_ouWagvGaU6vPEinzaH474F-KBCGhjrPKTILXr3S3jn0jDcGD8K2fFO0g2Dlifl3IigC-UG5L3fSNloYmfS5DMkdut9kUbtnDvv94DSOv8rVv98himtlg?fife"" height=""200"" width=""auto"" /><br><br>Đường-Tân-Hóa-(Từ-Hồng-Bàng---Cầu-Tân-Hóa)",https://doc-10-8o-mymaps.googleusercontent.com/untrusted/hostedimage/6rjk2b29e109njn18ustq7m1so/k1moid19949jbhaiu52ejgvv74/1567857600000/KiOb-nV_MFqrZN6H-TMx_I2AJHOOJMr6/06909400017064092312/1AF2TALrfXr-wo_aY86Z6oHx7VP__TeW-SHI7e15K6GIb6Ornja9z4rpNdzg0Y2OwcqHylhEB9WjU2xWl5wMi0Gq0QHQCp4reU1UtjJFPRm99p9aqMga3zSfwpEmBNk69HE_94oCHBiF7otbo730c2lmO8LkTT911wjl1Wn7fxVJRi_ouWagvGaU6vPEinzaH474F-KBCGhjrPKTILXr3S3jn0jDcGD8K2fFO0g2Dlifl3IigC-UG5L3fSNloYmfS5DMkdut9kUbtnDvv94DSOv8rVv98himtlg?fife
106.6392606,10.768403,Đường Hòa Bình,"<img src=""https://doc-0s-8o-mymaps.googleusercontent.com/untrusted/hostedimage/6rjk2b29e109njn18ustq7m1so/sl7er5bsfg3oip4nre57ibge7k/1567857600000/KiOb-nV_MFqrZN6H-TMx_I2AJHOOJMr6/06909400017064092312/1AF2TALrF1zbKfo37KXFqvLSJ0mh1EviQLwCfxHSx5gh15GVARdOfDDs6AIYTtx3D3QMeqAG-LdJFvrCz2DXSI0i5uwhUndsdFemNz8uu8ajxzRMKqmuZ0Fh6CP3zIs8p49ipYvbKKO0THGqC4nJIrUtIpSGj_8zqLIiK_KyoWVaQJdsDYuj1TieaD_DzsVfYbJ96lEPloIMkP0nIjvS9ZEe2f4zNCCoaMNFfE_OEoRX3NK4-lb60HKu1q576V4h8vlydjRopSfjpNVFfE-7qWcTZz6fhLDynDQ?fife"" height=""200"" width=""auto"" /><br><br>Từ Kênh Tân Hóa - VX Lạc Long Quân",https://doc-0s-8o-mymaps.googleusercontent.com/untrusted/hostedimage/6rjk2b29e109njn18ustq7m1so/sl7er5bsfg3oip4nre57ibge7k/1567857600000/KiOb-nV_MFqrZN6H-TMx_I2AJHOOJMr6/06909400017064092312/1AF2TALrF1zbKfo37KXFqvLSJ0mh1EviQLwCfxHSx5gh15GVARdOfDDs6AIYTtx3D3QMeqAG-LdJFvrCz2DXSI0i5uwhUndsdFemNz8uu8ajxzRMKqmuZ0Fh6CP3zIs8p49ipYvbKKO0THGqC4nJIrUtIpSGj_8zqLIiK_KyoWVaQJdsDYuj1TieaD_DzsVfYbJ96lEPloIMkP0nIjvS9ZEe2f4zNCCoaMNFfE_OEoRX3NK4-lb60HKu1q576V4h8vlydjRopSfjpNVFfE-7qWcTZz6fhLDynDQ?fife
106.6439948,10.7540341,Đường Hồng Bàng,"<img src=""https://doc-0o-8o-mymaps.googleusercontent.com/untrusted/hostedimage/6rjk2b29e109njn18ustq7m1so/i502877va6vnof6e4eok5176q0/1567857600000/KiOb-nV_MFqrZN6H-TMx_I2AJHOOJMr6/06909400017064092312/1AF2TALqDDCU7hkJUUuVhM9EIE5J7b70K7xju03hovBGWNF4D7TVR6XADvvdCPF-gyHHDgiNGWHeDxOiU0YLqlvKI1pJQBvc8JVjw-KP9JzH5ogpk-630we-huDV-zrYlWOVs9MNag6p-ox5J8OZWwkaGtYsFA087RmeXON6E-1-w7sOFl4I4vJlbzUmchv2YO__JQRnQuw2Gw7p2QgWWc_xhscktyR2_n3qzgf6TCCxqA6vpNODjIMjGwI4MqNHVdptE4_DAfG1wAJ3rahqfdSJjpYqs4uzAmQ?fife"" height=""200"" width=""auto"" /><br><br>Từ Lò Siêu - Minh Phụng",https://doc-0o-8o-mymaps.googleusercontent.com/untrusted/hostedimage/6rjk2b29e109njn18ustq7m1so/i502877va6vnof6e4eok5176q0/1567857600000/KiOb-nV_MFqrZN6H-TMx_I2AJHOOJMr6/06909400017064092312/1AF2TALqDDCU7hkJUUuVhM9EIE5J7b70K7xju03hovBGWNF4D7TVR6XADvvdCPF-gyHHDgiNGWHeDxOiU0YLqlvKI1pJQBvc8JVjw-KP9JzH5ogpk-630we-huDV-zrYlWOVs9MNag6p-ox5J8OZWwkaGtYsFA087RmeXON6E-1-w7sOFl4I4vJlbzUmchv2YO__JQRnQuw2Gw7p2QgWWc_xhscktyR2_n3qzgf6TCCxqA6vpNODjIMjGwI4MqNHVdptE4_DAfG1wAJ3rahqfdSJjpYqs4uzAmQ?fife
106.652213,10.7623425,Đường Tôn Thất Hiệp,"<img src=""https://doc-04-8o-mymaps.googleusercontent.com/untrusted/hostedimage/6rjk2b29e109njn18ustq7m1so/jakta037hpn26hb3i05gbt63sc/1567857600000/KiOb-nV_MFqrZN6H-TMx_I2AJHOOJMr6/06909400017064092312/1AF2TALoa0KC8a2txoEFS3HhnzQhKY2BrP5eZdEt9ixf5F1whAkOlxi8IdaZuyELsTkMOKulVjfpAXYmdZPfFepIEtE0WZvoU-wPriTBy1DbtbbQ-iHacTh91XpZww-8wdXJWoLg2PwMjPQFyNfYkTvZAjdg8wFAkhxcmaSUwUoqYA34r_-hI8jRN7_FzrRz4jOMneGZ89ubqNtE20AkFzoEK0EZswrBsQ79znX7nsuJCbsUP9fpati2H0LJ3Q_qpd9GlcDgoYjdU6pGsf4hoDBoPB5TQpz6irw?fife"" height=""200"" width=""auto"" /><br><br>Từ Tuệ Tĩnh- 3 Tháng 2",https://doc-04-8o-mymaps.googleusercontent.com/untrusted/hostedimage/6rjk2b29e109njn18ustq7m1so/jakta037hpn26hb3i05gbt63sc/1567857600000/KiOb-nV_MFqrZN6H-TMx_I2AJHOOJMr6/06909400017064092312/1AF2TALoa0KC8a2txoEFS3HhnzQhKY2BrP5eZdEt9ixf5F1whAkOlxi8IdaZuyELsTkMOKulVjfpAXYmdZPfFepIEtE0WZvoU-wPriTBy1DbtbbQ-iHacTh91XpZww-8wdXJWoLg2PwMjPQFyNfYkTvZAjdg8wFAkhxcmaSUwUoqYA34r_-hI8jRN7_FzrRz4jOMneGZ89ubqNtE20AkFzoEK0EZswrBsQ79znX7nsuJCbsUP9fpati2H0LJ3Q_qpd9GlcDgoYjdU6pGsf4hoDBoPB5TQpz6irw?fife
106.6529359,10.7600329,Đường 3 Tháng 2,"<img src=""https://doc-08-8o-mymaps.googleusercontent.com/untrusted/hostedimage/6rjk2b29e109njn18ustq7m1so/g7st8dtssabaik0c7732me1kcc/1567857600000/KiOb-nV_MFqrZN6H-TMx_I2AJHOOJMr6/06909400017064092312/1AF2TALpa3Jdw3VLe7MfVXM0oOwKwYqppOrDhUoHR4RlXIMANwhFGWoJhnlOEb8Srljau1hYEvRTnv4MvC4c0Ij_VkgdsLBACT3arGxLisI23Oo18G2sZU7kV4gtekJPLghwrW2W3kCeapdHnO0nPbRp27Iu5Ep4zKgxQpmvfn27Abh223IwEpXZSobpx6BgrsmTK0Vt0dUhVBDpzf4Zz4rrTR-hroGRjTpYkiazjvBioT-FnI5FwMHJsPvUMcuagxiT3pVgnNlpUK6P_jsx1hAZZUXVAKZJSuA?fife"" height=""200"" width=""auto"" /><br><br>Từ Hàn Hải Nguyên - Tôn Thất Hiệp",https://doc-08-8o-mymaps.googleusercontent.com/untrusted/hostedimage/6rjk2b29e109njn18ustq7m1so/g7st8dtssabaik0c7732me1kcc/1567857600000/KiOb-nV_MFqrZN6H-TMx_I2AJHOOJMr6/06909400017064092312/1AF2TALpa3Jdw3VLe7MfVXM0oOwKwYqppOrDhUoHR4RlXIMANwhFGWoJhnlOEb8Srljau1hYEvRTnv4MvC4c0Ij_VkgdsLBACT3arGxLisI23Oo18G2sZU7kV4gtekJPLghwrW2W3kCeapdHnO0nPbRp27Iu5Ep4zKgxQpmvfn27Abh223IwEpXZSobpx6BgrsmTK0Vt0dUhVBDpzf4Zz4rrTR-hroGRjTpYkiazjvBioT-FnI5FwMHJsPvUMcuagxiT3pVgnNlpUK6P_jsx1hAZZUXVAKZJSuA?fife
106.6521621,10.7626903,Đường Lãnh Binh Thăng,"<img src=""https://doc-10-8o-mymaps.googleusercontent.com/untrusted/hostedimage/6rjk2b29e109njn18ustq7m1so/gcvci7uag9lprqlhkkl9jvut9k/1567857600000/KiOb-nV_MFqrZN6H-TMx_I2AJHOOJMr6/06909400017064092312/1AF2TALohTh_V5ihKxOCNqfawlmSeJsuDMZrpDWgGEvK9UCcY9PYnZ--67m2n8sXD4eaxiZyH6y2hfLWS5lEole80Efd9rlymmrAcQO8hqtU22hhyQHcnO656vcAgeyUOaogj3Wx0R1pYUx9xq2XmeRfcbBEtGXDwdnlHUYCxS7be169a2OGY5yE1VVaa6oKT3FcRGDbtDbi3jpAFOfqw-9VBUwAi78ALa202ArSubpuDAClhKCVT-IZaAEcqQl68QLmB4Pc7HsYweTpg3Qrzdb9S-i1Rh_UJvA?fife"" height=""200"" width=""auto"" /><br><br>Từ Tuệ Tĩnh - Lò Siêu",https://doc-10-8o-mymaps.googleusercontent.com/untrusted/hostedimage/6rjk2b29e109njn18ustq7m1so/gcvci7uag9lprqlhkkl9jvut9k/1567857600000/KiOb-nV_MFqrZN6H-TMx_I2AJHOOJMr6/06909400017064092312/1AF2TALohTh_V5ihKxOCNqfawlmSeJsuDMZrpDWgGEvK9UCcY9PYnZ--67m2n8sXD4eaxiZyH6y2hfLWS5lEole80Efd9rlymmrAcQO8hqtU22hhyQHcnO656vcAgeyUOaogj3Wx0R1pYUx9xq2XmeRfcbBEtGXDwdnlHUYCxS7be169a2OGY5yE1VVaa6oKT3FcRGDbtDbi3jpAFOfqw-9VBUwAi78ALa202ArSubpuDAClhKCVT-IZaAEcqQl68QLmB4Pc7HsYweTpg3Qrzdb9S-i1Rh_UJvA?fife
106.65456,10.7629327,Đường Tuệ Tĩnh,"<img src=""https://doc-08-8o-mymaps.googleusercontent.com/untrusted/hostedimage/6rjk2b29e109njn18ustq7m1so/1gf563kcjik03av3uq8icd4osc/1567857600000/KiOb-nV_MFqrZN6H-TMx_I2AJHOOJMr6/06909400017064092312/1AF2TALprDhwPVNM2RybxK8uZT_NqfVXKLxM-B-e9CSp6K9GkeGp7kbiTY8l9gIy1qg76bV1wVZI30ECMg055wDp7kob6BAKnvN5OqN-xuJYAASFyLYR2mRbAdtrtLMlOPuuP9B-91i2nTaXpTK2UBzUSxCFYHE2IUJZeG9HXMhUHjHMbyfsow-ul7yuuY60jBKIt6fOx3lxJpn1h_aTBacm6L6TG2iLQRqyEu70tWTLdbDqOTEkPiXyJCq3o4sjlAXKec7AE8aRgHwUJwcomxCRXFNqvhAPaPw?fife"" height=""200"" width=""auto"" /><br><br>Từ Số nhà 01 - Số nhà 199",https://doc-08-8o-mymaps.googleusercontent.com/untrusted/hostedimage/6rjk2b29e109njn18ustq7m1so/1gf563kcjik03av3uq8icd4osc/1567857600000/KiOb-nV_MFqrZN6H-TMx_I2AJHOOJMr6/06909400017064092312/1AF2TALprDhwPVNM2RybxK8uZT_NqfVXKLxM-B-e9CSp6K9GkeGp7kbiTY8l9gIy1qg76bV1wVZI30ECMg055wDp7kob6BAKnvN5OqN-xuJYAASFyLYR2mRbAdtrtLMlOPuuP9B-91i2nTaXpTK2UBzUSxCFYHE2IUJZeG9HXMhUHjHMbyfsow-ul7yuuY60jBKIt6fOx3lxJpn1h_aTBacm6L6TG2iLQRqyEu70tWTLdbDqOTEkPiXyJCq3o4sjlAXKec7AE8aRgHwUJwcomxCRXFNqvhAPaPw?fife
106.6516753,10.7564577,Nguyễn Chí Thanh,"<img src=""https://doc-0s-8o-mymaps.googleusercontent.com/untrusted/hostedimage/6rjk2b29e109njn18ustq7m1so/r3n09ub9j3rbqqmni0ra7i33nc/1567857600000/KiOb-nV_MFqrZN6H-TMx_I2AJHOOJMr6/06909400017064092312/1AF2TALr3LSHl5cnPGfpFrVVYDyc3fkB0uCjJvpaMUaOW1FCPcWAUF3NAXsbY6d7Olzwomi6Ax6sru684djY1p3m9J6PNzcYfHUBIjyduiGZUSjqF6pFvjKc23HFbdo1kp6VSOEJMR-jp7X7wutaQP-5fXkQEN6gn6tz8m5wAesDPbQcE5SoldWMr-bxSl49erVARypNhMGEkIPVrvYkaKWIaQa6wPk2UOlpkznU0xAps_sTyQfgGmnUjtkKwgD9h70GDBVY1X7yzHu91gY-arMVv82DnJJ50fQ?fife"" height=""200"" width=""auto"" /><br><br>Từ Nguyễn Thị Nhỏ - Hà Tôn Quyền",https://doc-0s-8o-mymaps.googleusercontent.com/untrusted/hostedimage/6rjk2b29e109njn18ustq7m1so/r3n09ub9j3rbqqmni0ra7i33nc/1567857600000/KiOb-nV_MFqrZN6H-TMx_I2AJHOOJMr6/06909400017064092312/1AF2TALr3LSHl5cnPGfpFrVVYDyc3fkB0uCjJvpaMUaOW1FCPcWAUF3NAXsbY6d7Olzwomi6Ax6sru684djY1p3m9J6PNzcYfHUBIjyduiGZUSjqF6pFvjKc23HFbdo1kp6VSOEJMR-jp7X7wutaQP-5fXkQEN6gn6tz8m5wAesDPbQcE5SoldWMr-bxSl49erVARypNhMGEkIPVrvYkaKWIaQa6wPk2UOlpkznU0xAps_sTyQfgGmnUjtkKwgD9h70GDBVY1X7yzHu91gY-arMVv82DnJJ50fQ?fife
106.629889,10.8396074,Đường Nguyễn Văn Quá,"<img src=""https://doc-0k-8o-mymaps.googleusercontent.com/untrusted/hostedimage/6rjk2b29e109njn18ustq7m1so/44pcjal29lu2vkakv1vvcbmal4/1567857600000/KiOb-nV_MFqrZN6H-TMx_I2AJHOOJMr6/06909400017064092312/1AF2TALqktp3ek8uspbspooh8YC2mj74KXLoAVrCGBJd5i9j-p51IhocWVe3rquhnyJkztKdfRTEAqkUQTc4NuvyXqSi0hST0-fsj_ZAgwptnpjLAvih65KlZ_pnfyPMr_yRKH6hkgd2KMnvmNOTlKQmUOMkiVd-kbF-mbD-qLXgL9tMsgp536kQANux99cAmeZV9cz1xeFAu38Ilf_gWpxs0ZKwwul4vUUhMRdbKHONMJ2K80U22RCrN8USgMwyJhUJO12AqOE1GKybrte51RMRJVpWb6SGb1A?fife"" height=""200"" width=""auto"" /><br><br>Từ Trường Chinh - Tô Ký",https://doc-0k-8o-mymaps.googleusercontent.com/untrusted/hostedimage/6rjk2b29e109njn18ustq7m1so/44pcjal29lu2vkakv1vvcbmal4/1567857600000/KiOb-nV_MFqrZN6H-TMx_I2AJHOOJMr6/06909400017064092312/1AF2TALqktp3ek8uspbspooh8YC2mj74KXLoAVrCGBJd5i9j-p51IhocWVe3rquhnyJkztKdfRTEAqkUQTc4NuvyXqSi0hST0-fsj_ZAgwptnpjLAvih65KlZ_pnfyPMr_yRKH6hkgd2KMnvmNOTlKQmUOMkiVd-kbF-mbD-qLXgL9tMsgp536kQANux99cAmeZV9cz1xeFAu38Ilf_gWpxs0ZKwwul4vUUhMRdbKHONMJ2K80U22RCrN8USgMwyJhUJO12AqOE1GKybrte51RMRJVpWb6SGb1A?fife
106.648922,10.8618194,Đường Quốc lộ 1A,"<img src=""https://doc-0o-8o-mymaps.googleusercontent.com/untrusted/hostedimage/6rjk2b29e109njn18ustq7m1so/f484gikg2bscc9kgod0tqg7trc/1567857600000/KiOb-nV_MFqrZN6H-TMx_I2AJHOOJMr6/06909400017064092312/1AF2TALoEDX1mipq7pmp5mANxghkus0kHiUrS647gvU0QvXJ5_UZxlySDCrWe-obKLPFi-TYNjjXbmJHoniLoWc8GAeM3ZXLvFGgiQ5_AEwBVWaFEwuThmvyBbj_URVAqX_Zv8wlnQeqQe0iyI-c017HZQCXK3LZ1ojVbRKmYhADh5toMitJGjtC42QK4NRCSSTukQnDhxnHB4Z4yOYZ3tudzO0d9a8DmrASD-wx3fugoC4MfzsJguGdTEOoe1xUM45qlZC3PZfsbqENyK4AcCUjd7P1lmlaJ0Q?fife"" height=""200"" width=""auto"" /><br><br>Từ Nguyễn Văn Quá - Lê Thị Riêng",https://doc-0o-8o-mymaps.googleusercontent.com/untrusted/hostedimage/6rjk2b29e109njn18ustq7m1so/f484gikg2bscc9kgod0tqg7trc/1567857600000/KiOb-nV_MFqrZN6H-TMx_I2AJHOOJMr6/06909400017064092312/1AF2TALoEDX1mipq7pmp5mANxghkus0kHiUrS647gvU0QvXJ5_UZxlySDCrWe-obKLPFi-TYNjjXbmJHoniLoWc8GAeM3ZXLvFGgiQ5_AEwBVWaFEwuThmvyBbj_URVAqX_Zv8wlnQeqQe0iyI-c017HZQCXK3LZ1ojVbRKmYhADh5toMitJGjtC42QK4NRCSSTukQnDhxnHB4Z4yOYZ3tudzO0d9a8DmrASD-wx3fugoC4MfzsJguGdTEOoe1xUM45qlZC3PZfsbqENyK4AcCUjd7P1lmlaJ0Q?fife
106.6115427,10.8315989,Đường Phan Văn Hớn,"<img src=""https://doc-0c-8o-mymaps.googleusercontent.com/untrusted/hostedimage/6rjk2b29e109njn18ustq7m1so/31jv6kentcpqlsrb9unltf7vs0/1567857600000/KiOb-nV_MFqrZN6H-TMx_I2AJHOOJMr6/06909400017064092312/1AF2TALoEHw-XnxdGpfjCAtdLzO6fTrAWOpuRcGeVR_uGhh66ugYIMw63STtpHyWzqmfKINlV2LdwRyXk-4hKZgOggaUsVPxPGCPVYWdXCCNk2gyJokPWp5AQNW8b_8qtxtArVwXUvNk61xbK69YktKXDdRZetfjwNxAY1hU6W_IXBUH5Tq7xNUJTLLxZxWxCG4WjY3aI3RidAX-q2LwIUXhkWxtc83-y3zgNZUfTk5PF87PxaqZ2ykcxdI2Fq6Y64p7XjovHfNKJjDjcHnH6FT2QfjAZPDHIlw?fife"" height=""200"" width=""auto"" /><br><br>Từ Quốc lộ 1A - Tân Thới Nhất 08",https://doc-0c-8o-mymaps.googleusercontent.com/untrusted/hostedimage/6rjk2b29e109njn18ustq7m1so/31jv6kentcpqlsrb9unltf7vs0/1567857600000/KiOb-nV_MFqrZN6H-TMx_I2AJHOOJMr6/06909400017064092312/1AF2TALoEHw-XnxdGpfjCAtdLzO6fTrAWOpuRcGeVR_uGhh66ugYIMw63STtpHyWzqmfKINlV2LdwRyXk-4hKZgOggaUsVPxPGCPVYWdXCCNk2gyJokPWp5AQNW8b_8qtxtArVwXUvNk61xbK69YktKXDdRZetfjwNxAY1hU6W_IXBUH5Tq7xNUJTLLxZxWxCG4WjY3aI3RidAX-q2LwIUXhkWxtc83-y3zgNZUfTk5PF87PxaqZ2ykcxdI2Fq6Y64p7XjovHfNKJjDjcHnH6FT2QfjAZPDHIlw?fife
